date,product_id,product_category,region,price,quantity,customer_id
2023-01-01,8270,Office,Central,536.93,28.0,73477
2023-01-02,1860,Food,South,,5.0,23210
2023-01-03,6390,Clothing,North,254.44,5.0,93329
2023-01-04,6191,Clothing,Central,840.16,21.0,36270
2023-01-05,6734,Food,South,362.62,12.0,72008
2023-01-06,7265,Clothing,East,828.55,4.0,15197
2023-01-07,1466,Home,North,,,17452
2023-01-08,5426,Electronics,North,185.4,42.0,51486
2023-01-09,6578,Home,North,512.37,20.0,24859
2023-01-10,9322,Clothing,East,680.61,38.0,37236
2023-01-11,2685,Office,East,242.69,25.0,41899
2023-01-12,1769,Electronics,West,832.38,14.0,42083
2023-01-13,7949,Electronics,South,549.38,11.0,77708
2023-01-14,3433,Food,West,173.59,32.0,26663
2023-01-15,6311,Food,South,587.15,11.0,29053
2023-01-16,6051,Office,East,999.72,18.0,21085
2023-01-17,7420,Electronics,East,159.02,27.0,40564
2023-01-18,2184,Office,,818.59,18.0,99745
2023-01-19,5555,Food,Central,215.24,23.0,69095
2023-01-20,4385,Food,West,784.56,11.0,79517
2023-01-21,7396,Electronics,South,737.23,,31153
2023-01-22,9666,Home,West,307.48,,15247
2023-01-23,3558,Clothing,North,332.56,5.0,20553
2023-01-24,8849,Food,South,794.6,23.0,30811
2023-01-25,3047,Food,South,466.83,41.0,16135
2023-01-26,3747,Home,Central,733.51,,15573
2023-01-27,1189,Home,East,156.5,41.0,89267
2023-01-28,3734,Office,South,854.03,10.0,17189
2023-01-29,4005,Office,East,713.78,22.0,90077
2023-01-30,5658,Clothing,West,907.87,19.0,53646
2023-01-31,2899,Clothing,North,141.05,1.0,86623
2023-02-01,8734,Electronics,Central,597.08,7.0,63687
2023-02-02,2267,Office,East,603.13,4.0,78312
2023-02-03,2528,Food,South,359.93,1.0,37564
2023-02-04,4556,Office,East,463.88,15.0,38835
2023-02-05,4890,Food,South,47.6,40.0,71587
2023-02-06,9838,Home,East,748.4,12.0,17697
2023-02-07,6393,Office,South,553.83,22.0,90165
2023-02-08,9792,Home,West,67.16,22.0,83922
2023-02-09,9433,Clothing,South,683.95,47.0,27046
2023-02-10,8513,Clothing,South,472.11,17.0,67823
2023-02-11,3612,Electronics,North,44.12,29.0,83580
2023-02-12,8041,Office,South,969.91,46.0,63370
2023-02-13,7235,Home,North,949.62,14.0,19615
2023-02-14,6486,Food,Central,517.77,20.0,15060
2023-02-15,8099,Clothing,North,102.74,48.0,86436
2023-02-16,1775,Clothing,West,757.08,33.0,70519
2023-02-17,9226,Food,North,497.01,43.0,81117
2023-02-18,4152,Home,Central,309.42,15.0,71158
2023-02-19,2585,Home,West,496.5,12.0,44782
2023-02-20,4943,Office,East,527.22,40.0,95709
2023-02-21,8555,Office,East,,20.0,88533
2023-02-22,4073,Electronics,North,446.81,30.0,68255
2023-02-23,2021,Clothing,North,609.7,38.0,82684
2023-02-24,4843,Office,Central,919.55,3.0,66918
2023-02-25,8989,Home,Central,368.65,28.0,94284
2023-02-26,7873,Food,South,728.46,26.0,89558
2023-02-27,6675,Home,Central,895.51,30.0,95549
2023-02-28,1161,Clothing,South,461.42,13.0,91422
2023-03-01,5297,Home,West,449.02,13.0,35256
2023-03-02,1995,Electronics,,606.1,2.0,40005
2023-03-03,8629,Clothing,West,595.49,37.0,16638
2023-03-04,2016,Food,Central,808.52,49.0,47419
2023-03-05,8869,Electronics,West,,38.0,43377
2023-03-06,7439,Clothing,West,996.16,2.0,53116
2023-03-07,8892,Food,,68.88,36.0,46634
2023-03-08,7863,Electronics,Central,13.14,26.0,92291
2023-03-09,8916,Electronics,West,643.8,11.0,33382
2023-03-10,9529,Clothing,South,305.45,8.0,66063
2023-03-11,1878,Office,Central,247.98,44.0,32394
2023-03-12,5887,Electronics,West,318.78,40.0,77789
2023-03-13,5859,Electronics,Central,263.49,43.0,10864
2023-03-14,7331,Food,East,40.48,22.0,50222
2023-03-15,9571,Home,South,971.82,20.0,23666
2023-03-16,9684,Clothing,West,228.54,8.0,30955
2023-03-17,8208,Clothing,East,736.69,29.0,91845
2023-03-18,6276,Office,East,764.97,40.0,79590
2023-03-19,3062,Office,Central,929.96,26.0,76471
2023-03-20,1064,Clothing,East,40.24,30.0,98314
2023-03-21,9006,Office,South,873.33,17.0,53298
2023-03-22,3568,Food,South,531.95,20.0,73108
2023-03-23,6463,Clothing,North,636.22,16.0,58924
2023-03-24,3027,Office,South,648.03,46.0,26709
2023-03-25,3695,Clothing,East,821.6,43.0,19726
2023-03-26,6258,Home,,340.07,7.0,70824
2023-03-27,6618,Electronics,Central,735.72,16.0,50542
2023-03-28,7736,Clothing,North,533.29,45.0,30245
2023-03-29,1391,Electronics,East,,47.0,44753
2023-03-30,6892,Office,,990.64,48.0,89788
2023-03-31,4561,Electronics,East,208.64,27.0,31316
2023-04-01,7184,Clothing,Central,994.7,23.0,94698
2023-04-02,4099,Home,North,98.91,24.0,25960
2023-04-03,7278,Office,West,12.29,9.0,40791
2023-04-04,9392,Clothing,East,53.72,35.0,35216
2023-04-05,4104,Office,West,348.36,20.0,42467
2023-04-06,8215,Food,North,636.58,37.0,74427
2023-04-07,3454,Electronics,West,78.34,42.0,72047
2023-04-08,9996,Food,West,15.61,17.0,83290
2023-04-09,3731,Clothing,North,937.72,47.0,57014
2023-04-10,9154,Home,Central,823.71,31.0,14078
2023-04-11,6056,Office,West,811.09,8.0,88389
2023-04-12,9110,Electronics,West,885.58,15.0,60519
2023-04-13,4840,Office,Central,703.03,31.0,14042
2023-04-14,2028,Clothing,West,113.36,30.0,59052
2023-04-15,8385,Office,West,405.11,46.0,24389
2023-04-16,1502,Electronics,West,725.92,,78111
2023-04-17,7910,Clothing,,287.53,39.0,60733
2023-04-18,7938,Office,Central,690.53,12.0,44754
2023-04-19,5488,Home,West,34.25,49.0,28624
2023-04-20,1206,Clothing,Central,313.08,17.0,95886
2023-04-21,6134,Clothing,East,553.64,,36681
2023-04-22,6977,Home,East,635.77,30.0,99524
2023-04-23,8721,Food,,581.27,29.0,91006
2023-04-24,8035,Electronics,Central,700.78,19.0,34704
2023-04-25,2484,Food,Central,16.03,46.0,17493
2023-04-26,8858,Office,Central,109.93,11.0,79639
2023-04-27,1863,Home,,870.25,34.0,64383
2023-04-28,3790,Food,East,684.93,,12994
2023-04-29,8408,Clothing,Central,121.8,44.0,79280
2023-04-30,9755,Office,Central,843.65,34.0,57234
2023-05-01,6116,Office,South,249.81,20.0,57291
2023-05-02,7019,Food,South,483.48,38.0,15594
2023-05-03,2757,Food,Central,153.74,24.0,17371
2023-05-04,8574,Home,North,713.01,10.0,57315
2023-05-05,7374,Electronics,Central,670.19,32.0,93564
2023-05-06,7892,Food,Central,219.0,15.0,89526
2023-05-07,2678,Food,South,864.77,37.0,26626
2023-05-08,4242,Clothing,South,407.29,20.0,96005
2023-05-09,5636,Office,Central,299.59,3.0,17130
2023-05-10,2059,Electronics,Central,160.81,37.0,16828
2023-05-11,7668,Clothing,Central,273.51,40.0,67514
2023-05-12,4157,Home,South,31.81,8.0,62664
2023-05-13,6915,Home,Central,587.42,40.0,27883
2023-05-14,3693,Food,Central,843.81,44.0,53059
2023-05-15,4627,Food,West,553.49,23.0,94078
2023-05-16,6450,Home,North,227.08,40.0,52932
2023-05-17,2663,Food,East,43.33,11.0,71269
2023-05-18,6592,Electronics,North,222.48,46.0,85986
2023-05-19,8392,Food,West,421.96,8.0,95959
2023-05-20,2306,Office,East,762.02,,12035
2023-05-21,7776,Food,Central,195.96,30.0,50745
2023-05-22,6864,Clothing,West,,10.0,27241
2023-05-23,8526,Electronics,,,39.0,62975
2023-05-24,9901,Clothing,South,459.41,28.0,33154
2023-05-25,6575,Clothing,West,823.22,,35625
2023-05-26,6530,Office,South,559.11,36.0,54950
2023-05-27,5413,Electronics,West,640.72,,66396
2023-05-28,4748,Electronics,West,531.02,32.0,23331
2023-05-29,1663,Electronics,South,468.54,,73927
2023-05-30,2998,Electronics,East,242.31,37.0,96226
2023-05-31,8994,Electronics,North,310.16,26.0,94719
2023-06-01,2495,Office,Central,297.07,22.0,73014
2023-06-02,4304,Food,,567.66,4.0,49346
2023-06-03,4763,Clothing,Central,128.75,,80411
2023-06-04,6232,Electronics,South,917.62,18.0,64478
2023-06-05,2853,Food,Central,723.45,38.0,22254
2023-06-06,7585,Food,South,407.43,24.0,65734
2023-06-07,2291,Clothing,Central,167.04,23.0,38621
2023-06-08,4581,Office,North,883.17,22.0,86441
2023-06-09,8554,Home,North,825.54,2.0,56121
2023-06-10,8280,Home,North,724.5,31.0,91418
2023-06-11,2636,Food,North,278.83,11.0,70197
2023-06-12,4696,Clothing,North,408.42,28.0,94577
2023-06-13,1698,Home,,111.72,46.0,52431
2023-06-14,5737,Food,South,197.15,32.0,14837
2023-06-15,1854,Office,West,785.19,5.0,93163
2023-06-16,9164,Home,Central,717.89,38.0,81232
2023-06-17,6855,Food,North,597.55,10.0,58994
2023-06-18,8392,Food,South,896.77,40.0,89079
2023-06-19,7528,Electronics,South,587.43,46.0,22615
2023-06-20,6249,Office,,472.3,24.0,11466
2023-06-21,6172,Electronics,West,346.97,35.0,40771
2023-06-22,2707,Clothing,Central,941.04,44.0,93886
2023-06-23,6791,Electronics,West,91.89,48.0,75911
2023-06-24,6535,Electronics,East,931.58,23.0,30746
2023-06-25,5931,Home,South,828.45,17.0,98422
2023-06-26,4510,Food,East,138.63,1.0,70739
2023-06-27,1202,Office,North,569.33,31.0,83369
2023-06-28,5218,Electronics,North,867.88,31.0,11893
2023-06-29,9958,Office,West,,42.0,40573
2023-06-30,5389,Electronics,Central,908.13,42.0,50874
2023-07-01,3327,Clothing,East,943.55,34.0,87362
2023-07-02,9004,Electronics,Central,428.16,9.0,97460
2023-07-03,3931,Home,West,383.54,22.0,43367
2023-07-04,8777,Food,North,936.96,13.0,31199
2023-07-05,1197,Clothing,Central,678.39,25.0,84328
2023-07-06,8125,Electronics,Central,124.86,48.0,67724
2023-07-07,2930,Office,North,51.87,18.0,96133
2023-07-08,7287,Clothing,East,568.98,12.0,46405
2023-07-09,9800,Clothing,,930.87,40.0,25989
2023-07-10,5282,Electronics,Central,845.81,17.0,38931
2023-07-11,3511,Clothing,East,679.09,15.0,19290
2023-07-12,1659,Office,East,147.72,42.0,48367
2023-07-13,3811,Clothing,North,261.69,15.0,89878
2023-07-14,8098,Office,Central,876.76,15.0,89481
2023-07-15,7546,Electronics,West,190.98,39.0,86298
2023-07-16,2986,Food,Central,285.66,13.0,40133
2023-07-17,9338,Clothing,South,138.3,17.0,37052
2023-07-18,3911,Food,West,679.35,32.0,95489
2023-07-19,2734,Office,East,944.54,9.0,50475
2023-07-20,2843,Clothing,West,276.28,40.0,92666
2023-07-21,9680,Home,East,480.65,20.0,67656
2023-07-22,3976,Food,East,638.0,26.0,14633
2023-07-23,2959,Clothing,West,999.47,27.0,27304
2023-07-24,6759,Food,East,113.76,21.0,56546
2023-07-25,7694,Clothing,East,503.59,18.0,17008
2023-07-26,3385,Electronics,South,391.27,13.0,58291
2023-07-27,5736,Food,Central,867.16,16.0,37405
2023-07-28,2802,Home,Central,481.21,9.0,46386
2023-07-29,9155,Home,South,119.87,12.0,30827
2023-07-30,9120,Office,,638.08,44.0,43040
2023-07-31,7616,Clothing,North,773.07,38.0,70354
2023-08-01,6534,Food,North,12.85,19.0,88543
2023-08-02,5061,Office,North,860.37,7.0,28157
2023-08-03,1262,Food,South,194.16,35.0,45315
2023-08-04,7287,Clothing,South,556.55,48.0,45932
2023-08-05,9815,Home,East,421.64,18.0,31164
2023-08-06,3049,Electronics,North,722.46,16.0,24414
2023-08-07,6423,Home,West,377.45,39.0,24327
2023-08-08,5548,Office,West,871.07,4.0,10946
2023-08-09,4108,Electronics,North,733.19,25.0,24693
2023-08-10,8158,Office,North,651.24,32.0,37241
2023-08-11,8400,Clothing,North,798.28,40.0,25540
2023-08-12,4170,Electronics,South,756.48,13.0,82255
2023-08-13,3255,Office,South,45.58,45.0,74757
2023-08-14,2154,Clothing,South,400.79,17.0,51203
2023-08-15,5499,Home,Central,931.5,49.0,35081
2023-08-16,7295,Clothing,West,134.47,37.0,71861
2023-08-17,7197,Food,West,,6.0,21350
2023-08-18,2648,Clothing,,974.85,19.0,65512
2023-08-19,6539,Clothing,South,61.68,13.0,66809
2023-08-20,5199,Food,Central,685.37,26.0,52832
2023-08-21,9445,Office,Central,,14.0,38369
2023-08-22,3557,Office,West,583.38,31.0,41728
2023-08-23,6592,Clothing,South,94.49,4.0,27576
2023-08-24,1098,Food,East,52.58,39.0,39001
2023-08-25,3200,Food,South,670.2,8.0,93384
2023-08-26,3961,Home,North,825.08,25.0,10390
2023-08-27,5973,Office,South,784.2,,97535
2023-08-28,5433,Electronics,North,548.37,32.0,55436
2023-08-29,3869,Office,North,108.87,38.0,21569
2023-08-30,1956,Office,East,691.16,38.0,23029
2023-08-31,9352,Home,West,249.47,28.0,32490
2023-09-01,6699,Electronics,South,911.96,30.0,55875
2023-09-02,7944,Home,North,839.88,3.0,15867
2023-09-03,5493,Electronics,South,712.29,28.0,90820
2023-09-04,5911,Clothing,West,949.36,3.0,19121
2023-09-05,4987,Electronics,West,41.11,45.0,11539
2023-09-06,7015,Home,,738.84,34.0,27027
2023-09-07,2218,Office,West,336.94,16.0,84229
2023-09-08,5496,Electronics,East,907.01,22.0,18921
2023-09-09,5735,Electronics,North,274.01,32.0,60435
2023-09-10,5555,Food,Central,727.61,,20310
2023-09-11,9050,Office,East,,8.0,73965
2023-09-12,4446,Clothing,South,51.24,8.0,79922
2023-09-13,2045,Home,North,403.67,6.0,92839
2023-09-14,7893,Clothing,West,764.69,14.0,22242
2023-09-15,2693,Office,North,,32.0,18947
2023-09-16,4436,Electronics,South,274.58,35.0,81466
2023-09-17,9754,Electronics,Central,227.61,10.0,71816
2023-09-18,6895,Office,,140.2,3.0,58785
2023-09-19,4354,Electronics,Central,858.56,12.0,10507
2023-09-20,1225,Electronics,West,,49.0,76972
2023-09-21,5893,Electronics,,85.62,31.0,37151
2023-09-22,8022,Home,East,388.75,29.0,21618
2023-09-23,6600,Home,North,374.06,5.0,84286
2023-09-24,8996,Food,West,189.92,25.0,26122
2023-09-25,8683,Clothing,Central,441.15,41.0,17354
2023-09-26,5642,Office,Central,338.78,31.0,40979
2023-09-27,8679,Office,,348.39,21.0,96436
2023-09-28,9208,Office,South,741.64,20.0,89376
2023-09-29,8339,Food,Central,231.03,39.0,62774
2023-09-30,3205,Home,Central,645.44,22.0,15037
2023-10-01,2069,Food,West,574.94,4.0,38633
2023-10-02,4444,Office,East,572.41,13.0,34495
2023-10-03,2060,Clothing,South,666.38,45.0,74550
2023-10-04,3327,Electronics,East,552.9,42.0,91384
2023-10-05,4420,Home,West,880.46,49.0,46483
2023-10-06,1301,Home,Central,678.82,20.0,83373
2023-10-07,1606,Food,East,551.49,13.0,44069
2023-10-08,4170,Home,Central,831.47,17.0,17370
2023-10-09,1699,Office,Central,610.09,36.0,81947
2023-10-10,6088,Office,North,298.23,33.0,49133
2023-10-11,1190,Food,East,215.02,1.0,10692
2023-10-12,1980,Office,East,160.8,15.0,38926
2023-10-13,3975,Clothing,Central,900.46,,83984
2023-10-14,7102,Food,West,713.03,17.0,53390
2023-10-15,2184,Clothing,North,938.0,24.0,59593
2023-10-16,4327,Electronics,Central,607.26,8.0,85609
2023-10-17,4394,Clothing,South,478.67,27.0,15209
2023-10-18,9319,Electronics,South,69.12,45.0,16533
2023-10-19,2816,Electronics,North,674.93,23.0,96597
2023-10-20,6854,Clothing,West,586.39,46.0,17211
2023-10-21,7709,Food,Central,990.31,8.0,19927
2023-10-22,1569,Office,East,246.77,8.0,87463
2023-10-23,6442,Office,North,535.43,26.0,34594
2023-10-24,2895,Electronics,West,,47.0,84852
2023-10-25,3733,Electronics,East,648.15,,87713
2023-10-26,4863,Food,South,565.68,39.0,86382
2023-10-27,8455,Home,South,779.16,37.0,17933
2023-10-28,5014,Clothing,East,212.93,49.0,50696
2023-10-29,2686,Electronics,North,728.37,28.0,75449
2023-10-30,4009,Office,South,623.54,25.0,77616
2023-10-31,8806,Food,Central,897.11,16.0,16089
2023-11-01,1154,Clothing,East,848.72,2.0,66548
2023-11-02,2409,Food,East,322.0,18.0,36123
2023-11-03,1784,Clothing,South,283.47,17.0,17797
2023-11-04,9096,Clothing,North,981.84,30.0,60013
2023-11-05,8560,Electronics,Central,531.99,39.0,18346
2023-11-06,8343,Food,North,907.36,13.0,95414
2023-11-07,8206,Food,West,172.24,32.0,43672
2023-11-08,6596,Office,West,646.39,29.0,27653
2023-11-09,6801,Office,South,811.76,46.0,59556
2023-11-10,3806,Electronics,South,947.92,30.0,36140
2023-11-11,1537,Electronics,South,343.97,18.0,11184
2023-11-12,6986,Home,West,727.73,13.0,44493
2023-11-13,2841,Office,North,543.42,43.0,54148
2023-11-14,9716,Clothing,North,70.02,21.0,34846
2023-11-15,7971,Food,South,693.1,,32195
2023-11-16,6625,Electronics,Central,693.2,21.0,15606
2023-11-17,3950,Food,North,931.3,48.0,13956
2023-11-18,8992,Food,West,502.34,17.0,26555
2023-11-19,5780,Home,East,237.95,40.0,28690
2023-11-20,3368,Office,East,54.12,19.0,68502
2023-11-21,7655,Electronics,East,,15.0,58849
2023-11-22,9173,Food,Central,308.9,9.0,36347
2023-11-23,5495,Electronics,South,763.48,10.0,59056
2023-11-24,7002,Clothing,West,360.73,44.0,73851
2023-11-25,7614,Home,Central,949.58,31.0,91502
2023-11-26,6919,Clothing,West,962.69,23.0,91418
2023-11-27,1853,Electronics,West,624.7,30.0,80211
2023-11-28,5146,Electronics,South,929.37,33.0,51850
2023-11-29,4769,Office,East,763.25,9.0,88545
2023-11-30,1574,Food,South,551.39,47.0,37843
2023-12-01,2148,Food,Central,188.5,1.0,72320
2023-12-02,7293,Clothing,Central,,44.0,39793
2023-12-03,7457,Home,Central,,35.0,49516
2023-12-04,8509,Food,South,865.32,11.0,27857
2023-12-05,5777,Office,West,486.52,34.0,29627
2023-12-06,4854,Clothing,West,898.7,16.0,71822
2023-12-07,3491,Clothing,North,677.61,9.0,94101
2023-12-08,4124,Office,Central,145.63,32.0,62248
2023-12-09,6691,Home,West,995.03,15.0,65798
2023-12-10,4051,Office,North,531.96,12.0,54116
2023-12-11,1004,Home,West,397.94,33.0,85318
2023-12-12,6222,Office,Central,662.52,45.0,97902
2023-12-13,6315,Office,East,117.8,14.0,38557
2023-12-14,5869,Electronics,Central,640.17,,81334
2023-12-15,1876,Clothing,South,503.25,8.0,85163
2023-12-16,8027,Office,West,412.61,27.0,88002
2023-12-17,5142,Office,West,953.49,12.0,52614
2023-12-18,7966,Food,South,527.31,1.0,22720
2023-12-19,8079,Clothing,South,226.93,43.0,67608
2023-12-20,8987,Food,East,464.37,40.0,82095
2023-12-21,7799,Clothing,West,920.19,42.0,94694
2023-12-22,5465,Food,West,184.33,11.0,97593
2023-12-23,1635,Office,East,221.82,39.0,45892
2023-12-24,2693,Office,North,22.9,43.0,87242
2023-12-25,5752,Electronics,East,24.05,31.0,87606
2023-12-26,9311,Food,Central,831.1,17.0,10924
2023-12-27,1830,Home,West,734.8,33.0,61322
2023-12-28,6177,Electronics,South,361.49,32.0,36478
2023-12-29,9932,Food,Central,701.33,29.0,81042
2023-12-30,9308,Food,West,401.25,21.0,56418
2023-12-31,6949,Electronics,East,953.37,21.0,72217
2024-01-01,3838,Office,Central,967.38,40.0,90846
2024-01-02,2150,Food,West,398.87,23.0,83762
2024-01-03,8560,Office,North,855.68,6.0,21781
2024-01-04,2931,Electronics,North,775.36,22.0,15515
2024-01-05,2664,Office,South,316.9,38.0,46133
2024-01-06,2081,Clothing,West,239.72,37.0,92508
2024-01-07,1512,Home,North,463.65,45.0,86946
2024-01-08,8805,Food,East,783.54,8.0,95058
2024-01-09,6237,Home,West,960.57,41.0,19095
2024-01-10,1559,Office,East,765.94,49.0,98583
2024-01-11,4672,Food,East,856.65,35.0,30470
2024-01-12,8404,Office,North,607.03,11.0,53129
2024-01-13,4343,Clothing,West,837.05,24.0,18531
2024-01-14,5070,Electronics,Central,786.58,49.0,47038
2024-01-15,1580,Food,North,383.22,21.0,97939
2024-01-16,8004,Clothing,North,556.47,2.0,52674
2024-01-17,9130,Clothing,West,806.71,40.0,92476
2024-01-18,4147,Food,West,55.6,19.0,39831
2024-01-19,5249,Office,East,810.0,39.0,67174
2024-01-20,2679,Clothing,West,186.11,28.0,21279
2024-01-21,4506,Home,East,519.54,17.0,48220
2024-01-22,8253,Clothing,North,810.19,6.0,70610
2024-01-23,3744,Office,South,261.28,19.0,62719
2024-01-24,6188,Office,Central,253.35,38.0,63051
2024-01-25,3141,Home,North,408.74,28.0,82013
2024-01-26,7617,Clothing,West,895.7,2.0,66652
2024-01-27,3479,Office,Central,10.44,38.0,75524
2024-01-28,7484,Food,South,902.37,37.0,92936
2024-01-29,8421,Electronics,,162.27,4.0,16470
2024-01-30,5452,Electronics,East,990.19,22.0,77598
2024-01-31,6881,Electronics,,955.3,26.0,51798
2024-02-01,7665,Clothing,East,499.73,49.0,63473
2024-02-02,3849,Home,North,517.59,43.0,29880
2024-02-03,8390,Office,Central,,36.0,54439
2024-02-04,7905,Food,North,639.09,13.0,24308
2024-02-05,3489,Food,East,99.81,32.0,45081
2024-02-06,5611,Clothing,Central,,17.0,85242
2024-02-07,3839,Electronics,East,67.13,41.0,60383
2024-02-08,9527,Clothing,Central,449.92,36.0,19837
2024-02-09,6878,Home,East,282.79,46.0,62151
2024-02-10,7303,Home,South,625.82,19.0,46824
2024-02-11,1851,Office,East,992.52,35.0,43073
2024-02-12,2687,Office,South,392.46,46.0,36299
2024-02-13,7833,Home,,578.1,40.0,68861
2024-02-14,3427,Home,Central,421.45,28.0,40063
2024-02-15,5000,Home,Central,848.8,1.0,79453
2024-02-16,6052,Clothing,Central,903.21,42.0,78472
2024-02-17,3738,Home,West,878.58,18.0,24506
2024-02-18,6732,Food,North,974.63,48.0,89854
2024-02-19,6387,Electronics,Central,37.24,40.0,36026
2024-02-20,9002,Home,South,841.42,33.0,37672
2024-02-21,6536,Electronics,Central,754.25,,48417
2024-02-22,4913,Clothing,West,236.41,8.0,62413
2024-02-23,2066,Electronics,South,956.76,24.0,75066
2024-02-24,8723,Clothing,West,156.7,16.0,69213
2024-02-25,5380,Food,,682.75,4.0,60971
2024-02-26,5107,Clothing,East,232.64,38.0,37281
2024-02-27,6726,Clothing,North,437.07,44.0,38091
2024-02-28,4373,Office,North,721.97,27.0,60494
2024-02-29,9945,Home,West,567.69,9.0,28610
2024-03-01,3082,Home,North,433.23,47.0,11079
2024-03-02,9967,Food,,333.08,16.0,56751
2024-03-03,7748,Food,West,841.26,12.0,96126
2024-03-04,1417,Home,West,152.38,31.0,65432
2024-03-05,9306,Office,North,435.8,24.0,40951
2024-03-06,9808,Home,West,904.72,14.0,90863
2024-03-07,4974,Office,North,847.39,45.0,88291
2024-03-08,4267,Food,West,406.93,25.0,69872
2024-03-09,1825,Electronics,Central,765.48,34.0,17235
2024-03-10,8668,Food,West,824.93,3.0,92733
2024-03-11,6745,Food,South,890.0,24.0,72712
2024-03-12,1412,Clothing,,549.06,42.0,31473
2024-03-13,8543,Clothing,East,212.42,9.0,77567
2024-03-14,8587,Clothing,West,262.76,26.0,89823
2024-03-15,1728,Clothing,South,302.74,20.0,42230
2024-03-16,8164,Office,South,597.86,40.0,94573
2024-03-17,9867,Home,North,42.48,10.0,78876
2024-03-18,6988,Electronics,Central,639.68,19.0,50644
2024-03-19,3504,Food,West,370.71,3.0,58664
2024-03-20,3967,Office,North,302.29,24.0,55203
2024-03-21,3786,Electronics,Central,880.7,5.0,76677
2024-03-22,2122,Office,West,465.4,3.0,35425
2024-03-23,5079,Office,East,104.1,27.0,94817
2024-03-24,2571,Food,West,828.48,16.0,95961
2024-03-25,6073,Home,South,57.16,49.0,79806
2024-03-26,6104,Clothing,South,729.48,15.0,52814
2024-03-27,3143,Home,East,776.17,35.0,80219
2024-03-28,7806,Food,North,359.08,12.0,59646
2024-03-29,8357,Food,Central,826.54,41.0,49884
2024-03-30,4440,Food,West,520.5,44.0,79322
2024-03-31,4766,Electronics,South,,26.0,31650
2024-04-01,6644,Home,North,,47.0,19190
2024-04-02,3914,Home,East,297.13,34.0,48196
2024-04-03,5968,Office,South,931.7,23.0,49449
2024-04-04,6917,Office,East,397.91,31.0,49661
2024-04-05,9787,Office,West,551.23,20.0,39709
2024-04-06,1728,Food,Central,536.7,12.0,90428
2024-04-07,2365,Home,South,,23.0,85179
2024-04-08,5492,Food,South,70.72,4.0,19943
2024-04-09,1698,Electronics,West,,23.0,53240
2024-04-10,8186,Office,North,725.9,48.0,55760
2024-04-11,1395,Food,Central,208.55,48.0,31042
2024-04-12,8400,Food,,211.54,1.0,53894
2024-04-13,9082,Electronics,Central,19.99,25.0,16869
2024-04-14,5171,Clothing,South,443.11,2.0,71078
2024-04-15,5360,Home,Central,883.91,30.0,66759
2024-04-16,3502,Clothing,East,61.38,3.0,54306
2024-04-17,1717,Office,,199.21,21.0,65371
2024-04-18,3782,Food,Central,316.98,25.0,30918
2024-04-19,5946,Electronics,North,734.41,20.0,38379
2024-04-20,6486,Electronics,East,644.23,49.0,93232
2024-04-21,9335,Home,East,421.78,22.0,12962
2024-04-22,5980,Clothing,North,761.48,21.0,23851
2024-04-23,8266,Home,Central,613.53,33.0,55747
2024-04-24,5491,Food,,897.08,38.0,62349
2024-04-25,8192,Home,North,819.85,15.0,80832
2024-04-26,6588,Electronics,Central,260.29,46.0,66356
2024-04-27,8651,Electronics,North,278.72,,24745
2024-04-28,4636,Office,North,134.1,46.0,15730
2024-04-29,2167,Office,South,343.6,25.0,23921
2024-04-30,2062,Food,Central,999.55,21.0,81138
2024-05-01,3156,Clothing,West,411.69,24.0,93111
2024-05-02,8860,Home,South,228.28,5.0,29023
2024-05-03,6161,Food,North,764.86,6.0,55349
2024-05-04,6305,Office,North,547.05,49.0,91533
2024-05-05,7541,Home,North,158.11,43.0,93286
2024-05-06,5729,Office,Central,386.88,48.0,51979
2024-05-07,8330,Home,Central,420.33,44.0,32837
2024-05-08,6334,Clothing,South,756.29,,24997
2024-05-09,9924,Food,West,30.46,23.0,98603
2024-05-10,5330,Home,South,276.33,4.0,55039
2024-05-11,9010,Electronics,East,522.42,27.0,30923
2024-05-12,7801,Electronics,North,276.16,18.0,18876
2024-05-13,5846,Home,North,632.15,21.0,70973
2024-05-14,7731,Home,,487.05,28.0,12887
2024-05-15,8241,Home,South,368.09,35.0,73723
2024-05-16,1953,Electronics,South,949.72,22.0,52422
2024-05-17,3539,Electronics,North,,40.0,61413
2024-05-18,8056,Home,South,138.64,23.0,12841
2024-05-19,2542,Office,Central,564.49,3.0,38756
2024-05-20,6293,Office,Central,782.92,40.0,81576
2024-05-21,2191,Clothing,South,711.4,10.0,20304
2024-05-22,7313,Food,North,180.37,25.0,40341
2024-05-23,7938,Office,South,972.7,49.0,14758
2024-05-24,3681,Electronics,South,,8.0,27010
2024-05-25,2540,Office,South,167.43,11.0,70758
2024-05-26,7172,Clothing,East,188.39,5.0,41658
2024-05-27,6541,Clothing,Central,107.25,45.0,59002
2024-05-28,2365,Food,West,805.48,,11375
2024-05-29,9691,Office,,130.81,45.0,32092
2024-05-30,9702,Electronics,East,133.87,,10490
2024-05-31,8494,Electronics,South,851.97,29.0,13729
2024-06-01,5312,Home,East,351.16,5.0,15974
2024-06-02,2324,Electronics,East,40.55,9.0,95216
2024-06-03,4141,Food,North,61.38,48.0,93860
2024-06-04,8419,Food,Central,150.75,2.0,31398
2024-06-05,4486,Electronics,West,221.26,1.0,44650
2024-06-06,2810,Electronics,South,668.49,40.0,31292
2024-06-07,7588,Home,West,165.75,30.0,13159
2024-06-08,3923,Electronics,West,127.69,11.0,72766
2024-06-09,6301,Home,Central,767.07,28.0,27065
2024-06-10,5186,Home,West,674.34,44.0,31638
2024-06-11,9905,Electronics,West,440.97,12.0,11073
2024-06-12,6977,Clothing,East,553.82,39.0,56511
2024-06-13,5268,Clothing,Central,318.86,26.0,94307
2024-06-14,5748,Home,North,487.68,13.0,39320
2024-06-15,5849,Electronics,South,511.61,8.0,79876
2024-06-16,4709,Clothing,West,393.36,28.0,44924
2024-06-17,7619,Electronics,South,907.51,30.0,91720
2024-06-18,9647,Electronics,North,25.9,9.0,50734
2024-06-19,4072,Electronics,South,784.35,39.0,78116
2024-06-20,7530,Office,North,133.14,31.0,50025
2024-06-21,1504,Electronics,East,799.57,21.0,12159
2024-06-22,2214,Office,West,619.75,,58940
2024-06-23,2531,Home,North,844.85,34.0,89436
2024-06-24,8576,Clothing,South,106.54,31.0,86976
2024-06-25,1823,Clothing,West,563.39,25.0,24678
2024-06-26,1928,Clothing,East,506.08,12.0,71075
2024-06-27,6029,Clothing,West,709.13,1.0,57204
2024-06-28,1133,Clothing,North,538.95,22.0,22021
2024-06-29,3105,Clothing,East,545.33,,16772
2024-06-30,4627,Clothing,South,,37.0,77163
2024-07-01,7316,Home,East,315.75,47.0,83755
2024-07-02,2852,Electronics,East,487.44,1.0,33464
2024-07-03,5910,Food,Central,127.31,1.0,61137
2024-07-04,5175,Office,East,961.9,42.0,40232
2024-07-05,6348,Food,East,717.27,42.0,71497
2024-07-06,7190,Food,West,952.94,21.0,84024
2024-07-07,2256,Electronics,South,234.46,15.0,61448
2024-07-08,4376,Electronics,,880.55,17.0,94517
2024-07-09,6645,Electronics,West,810.7,22.0,10901
2024-07-10,4486,Clothing,North,680.38,38.0,97980
2024-07-11,4584,Home,West,628.78,35.0,93597
2024-07-12,9053,Clothing,Central,323.38,45.0,12881
2024-07-13,4330,Home,Central,818.25,16.0,39863
2024-07-14,3703,Home,North,506.5,8.0,15622
2024-07-15,9662,Food,South,80.18,47.0,11378
2024-07-16,9120,Food,South,319.73,17.0,93168
2024-07-17,8114,Home,West,935.94,17.0,81186
2024-07-18,2353,Home,West,852.17,26.0,55201
2024-07-19,6063,Clothing,West,982.09,13.0,69251
2024-07-20,9549,Clothing,South,631.71,17.0,82572
2024-07-21,8575,Food,East,255.03,38.0,49255
2024-07-22,1667,Electronics,Central,171.19,17.0,73212
2024-07-23,5468,Home,East,195.05,48.0,60210
2024-07-24,7819,Clothing,East,29.6,14.0,32499
2024-07-25,4719,Food,South,396.78,45.0,61628
2024-07-26,3745,Clothing,East,199.51,6.0,71360
2024-07-27,8483,Home,North,417.54,,14603
2024-07-28,1539,Home,West,935.64,46.0,95473
2024-07-29,5964,Office,North,436.23,14.0,22632
2024-07-30,5835,Electronics,Central,879.2,47.0,40607
2024-07-31,4775,Office,West,,8.0,75756
2024-08-01,7042,Food,East,254.66,15.0,56994
2024-08-02,8102,Clothing,Central,362.3,27.0,73382
2024-08-03,8312,Food,West,93.08,13.0,80354
2024-08-04,6320,Home,East,340.13,49.0,66344
2024-08-05,7132,Office,North,680.77,31.0,63775
2024-08-06,8891,Office,West,81.39,35.0,17349
2024-08-07,3779,Office,East,213.35,6.0,81154
2024-08-08,1924,Food,North,387.63,5.0,37464
2024-08-09,2581,Home,Central,982.23,22.0,52624
2024-08-10,8714,Clothing,Central,787.01,49.0,47344
2024-08-11,4324,Clothing,Central,736.15,23.0,93791
2024-08-12,6713,Food,Central,125.03,25.0,34299
2024-08-13,8026,Office,South,783.19,34.0,57975
2024-08-14,1255,Electronics,West,787.42,26.0,11462
2024-08-15,5804,Food,West,605.09,47.0,91441
2024-08-16,2838,Food,South,990.46,5.0,91788
2024-08-17,1009,Home,East,332.0,26.0,50581
2024-08-18,3871,Clothing,East,941.86,20.0,81289
2024-08-19,9989,Food,Central,915.58,6.0,24175
2024-08-20,8409,Food,,21.37,6.0,16191
2024-08-21,8418,Office,East,455.62,18.0,93434
2024-08-22,6124,Office,North,977.33,4.0,94518
2024-08-23,2015,Electronics,West,112.09,17.0,90158
2024-08-24,3193,Home,North,,14.0,76537
2024-08-25,9415,Electronics,West,979.17,14.0,57645
2024-08-26,8449,Office,South,559.94,13.0,33283
2024-08-27,5158,Clothing,South,197.92,,96971
2024-08-28,4925,Office,Central,586.36,44.0,69123
2024-08-29,7970,Home,East,212.4,,40024
2024-08-30,7938,Office,Central,524.51,19.0,59630
2024-08-31,5784,Home,West,83.3,43.0,40734
2024-09-01,5000,Home,Central,609.43,47.0,10515
2024-09-02,2633,Home,North,521.62,44.0,76727
2024-09-03,8266,Home,West,742.76,35.0,56216
2024-09-04,9702,Home,South,634.39,17.0,81833
2024-09-05,1384,Clothing,East,554.11,35.0,68755
2024-09-06,1404,Electronics,West,692.88,19.0,37856
2024-09-07,9175,Food,West,152.5,20.0,83870
2024-09-08,3000,Electronics,North,599.41,36.0,34162
2024-09-09,6989,Home,East,180.39,35.0,16008
2024-09-10,2460,Clothing,South,926.27,32.0,17987
2024-09-11,8190,Office,West,77.65,48.0,72532
2024-09-12,8140,Clothing,West,436.07,44.0,13332
2024-09-13,4636,Home,North,698.84,,76323
2024-09-14,5809,Clothing,Central,463.44,24.0,48990
2024-09-15,5178,Clothing,South,101.17,17.0,19873
2024-09-16,8245,Home,East,557.85,7.0,92542
2024-09-17,7600,Clothing,West,645.22,43.0,95761
2024-09-18,6997,Food,West,706.75,1.0,46444
2024-09-19,3048,Food,South,379.53,35.0,45340
2024-09-20,5780,Clothing,Central,568.02,32.0,15033
2024-09-21,1716,Office,West,456.18,36.0,83324
2024-09-22,8939,Home,South,675.34,13.0,25689
2024-09-23,6565,Food,North,587.72,6.0,97134
2024-09-24,5544,Office,Central,530.5,14.0,10066
2024-09-25,5976,Clothing,East,257.03,37.0,55246
2024-09-26,4419,Office,,12.0,48.0,17533
2024-09-27,8239,Electronics,South,182.34,15.0,90639
2024-09-28,1249,Food,North,125.9,47.0,80152
2024-09-29,9865,Clothing,East,,4.0,69658
2024-09-30,1770,Home,South,616.14,40.0,48498
2024-10-01,5363,Clothing,South,220.95,16.0,21772
2024-10-02,2077,Home,,939.67,28.0,99385
2024-10-03,9427,Clothing,North,16.62,16.0,59036
2024-10-04,9580,Office,North,774.58,4.0,68531
2024-10-05,8901,Office,Central,628.95,45.0,22940
2024-10-06,5858,Office,West,379.82,26.0,26932
2024-10-07,7544,Electronics,East,59.98,28.0,66827
2024-10-08,5719,Home,East,631.21,,71431
2024-10-09,3814,Office,East,391.76,45.0,34648
2024-10-10,4374,Electronics,North,936.9,2.0,42966
2024-10-11,2252,Home,West,546.57,31.0,37777
2024-10-12,7996,Clothing,Central,940.25,3.0,42567
2024-10-13,5673,Electronics,South,228.28,8.0,27174
2024-10-14,5530,Food,South,728.47,24.0,52598
2024-10-15,7881,Electronics,East,621.08,15.0,69199
2024-10-16,7949,Electronics,West,742.01,43.0,23798
2024-10-17,7241,Home,North,222.52,31.0,75364
2024-10-18,9017,Clothing,West,668.34,9.0,27558
2024-10-19,7941,Food,West,503.06,39.0,71084
2024-10-20,8002,Office,North,745.4,45.0,54237
2024-10-21,2331,Office,East,333.77,2.0,75497
2024-10-22,5261,Electronics,West,891.16,,10178
2024-10-23,8648,Home,South,93.46,7.0,96006
2024-10-24,6115,Home,North,809.12,44.0,27118
2024-10-25,5637,Office,Central,862.71,39.0,32616
2024-10-26,5854,Food,East,819.08,42.0,10798
2024-10-27,4177,Clothing,North,517.6,16.0,17601
2024-10-28,8730,Food,Central,444.0,,35363
2024-10-29,3180,Clothing,Central,996.3,30.0,12795
2024-10-30,5892,Office,West,236.88,10.0,55264
2024-10-31,8043,Clothing,West,551.41,38.0,82833
2024-11-01,1137,Home,West,673.97,18.0,13084
2024-11-02,7327,Electronics,North,703.86,5.0,86646
2024-11-03,4472,Electronics,North,211.98,29.0,10731
2024-11-04,6449,Office,East,657.45,39.0,11129
2024-11-05,3832,Home,West,820.19,34.0,38022
2024-11-06,4579,Food,,59.52,43.0,11605
2024-11-07,6971,Home,South,912.41,45.0,87506
2024-11-08,5164,Electronics,East,39.21,23.0,54130
2024-11-09,8941,Electronics,North,362.41,5.0,39265
2024-11-10,6569,Home,East,25.66,30.0,42330
2024-11-11,5300,Home,East,86.37,6.0,78469
2024-11-12,7269,Electronics,East,912.06,46.0,25187
2024-11-13,4818,Food,East,361.31,44.0,35791
2024-11-14,2906,Office,South,430.52,4.0,80610
2024-11-15,7254,Office,West,223.19,29.0,49867
2024-11-16,1760,Home,Central,601.12,23.0,10893
2024-11-17,8830,Office,East,598.86,6.0,29773
2024-11-18,8350,Electronics,East,378.48,32.0,14239
2024-11-19,7238,Electronics,East,,42.0,30863
2024-11-20,7090,Home,West,886.11,,61415
2024-11-21,7031,Home,North,389.45,15.0,78968
2024-11-22,8687,Home,North,498.57,40.0,70430
2024-11-23,9472,Food,South,290.47,32.0,11515
2024-11-24,2887,Office,North,788.9,9.0,24605
2024-11-25,4266,Home,East,403.47,37.0,66240
2024-11-26,1666,Clothing,East,518.47,10.0,15586
2024-11-27,5188,Clothing,East,260.82,,41186
2024-11-28,1671,Electronics,South,987.78,6.0,36928
2024-11-29,7777,Office,East,298.58,48.0,93087
2024-11-30,8570,Home,North,773.04,3.0,97029
2024-12-01,8956,Clothing,West,433.22,42.0,30711
2024-12-02,6124,Office,West,214.16,11.0,64962
2024-12-03,6585,Electronics,Central,801.72,43.0,30039
2024-12-04,5777,Food,North,340.27,17.0,46561
2024-12-05,4900,Office,East,866.54,32.0,85483
2024-12-06,7677,Office,West,916.1,4.0,91395
2024-12-07,7981,Food,North,861.23,4.0,98658
2024-12-08,7376,Office,West,44.66,17.0,11577
2024-12-09,1523,Electronics,,789.5,41.0,38350
2024-12-10,3393,Electronics,West,417.23,19.0,43798
2024-12-11,3593,Food,Central,,5.0,91417
2024-12-12,8240,Home,Central,641.57,32.0,20785
2024-12-13,7937,Clothing,West,835.31,22.0,82227
2024-12-14,7190,Home,North,504.44,6.0,71957
2024-12-15,6240,Office,North,539.68,35.0,75431
2024-12-16,7493,Clothing,North,152.94,22.0,27297
2024-12-17,3878,Food,West,786.15,,81894
2024-12-18,5143,Food,North,425.2,20.0,73772
2024-12-19,4644,Clothing,East,505.08,22.0,29581
2024-12-20,5432,Electronics,Central,787.25,48.0,65192
2024-12-21,2276,Clothing,East,602.86,11.0,11462
2024-12-22,6811,Office,North,209.09,13.0,74173
2024-12-23,1302,Electronics,East,594.33,42.0,25511
2024-12-24,1638,Food,North,413.56,3.0,86106
2024-12-25,1055,Clothing,West,474.83,9.0,58665
2024-12-26,9717,Home,East,38.03,12.0,54414
2024-12-27,9150,Home,West,217.93,23.0,91010
2024-12-28,3125,Office,West,288.23,14.0,82573
2024-12-29,1364,Home,South,,33.0,23386
2024-12-30,7809,Clothing,North,21.38,18.0,64460
2024-12-31,5621,Clothing,Central,414.69,49.0,16221
2025-01-01,6126,Home,North,924.79,41.0,33474
2025-01-02,6122,Clothing,,120.76,9.0,31045
2025-01-03,2646,Office,North,521.26,23.0,14922
2025-01-04,1918,Electronics,West,788.66,,32706
2025-01-05,3797,Office,East,943.11,19.0,52771
2025-01-06,7506,Office,East,749.31,47.0,62335
2025-01-07,6870,Clothing,,723.36,5.0,62949
2025-01-08,2531,Electronics,Central,828.22,47.0,80714
2025-01-09,9172,Clothing,Central,451.74,23.0,25240
2025-01-10,4345,Food,Central,807.79,30.0,12716
2025-01-11,8673,Clothing,West,17.88,25.0,26574
2025-01-12,7949,Clothing,Central,925.32,28.0,93255
2025-01-13,7882,Clothing,East,,34.0,83717
2025-01-14,2906,Electronics,West,557.85,45.0,54066
2025-01-15,4086,Clothing,,262.33,48.0,71826
2025-01-16,9152,Electronics,Central,745.11,47.0,30213
2025-01-17,6750,Home,Central,85.87,25.0,81916
2025-01-18,9905,Food,North,873.91,10.0,76151
2025-01-19,2062,Electronics,Central,829.84,14.0,60906
2025-01-20,2976,Home,North,223.9,,10463
2025-01-21,2296,Electronics,West,811.23,46.0,41973
2025-01-22,7229,Electronics,East,788.49,30.0,84694
2025-01-23,8641,Food,North,635.89,41.0,30651
2025-01-24,1125,Office,South,379.78,25.0,78694
2025-01-25,5632,Office,North,278.78,14.0,30008
2025-01-26,7288,Electronics,Central,239.47,35.0,80474
2025-01-27,4596,Clothing,West,325.42,48.0,48185
2025-01-28,7168,Home,West,904.52,34.0,97924
2025-01-29,8561,Clothing,North,86.86,10.0,84417
2025-01-30,9258,Clothing,,830.58,35.0,81139
2025-01-31,1232,Electronics,South,355.4,11.0,44980
2025-02-01,7371,Electronics,West,526.38,11.0,32504
2025-02-02,5206,Electronics,Central,796.54,21.0,64970
2025-02-03,8943,Electronics,Central,885.53,21.0,26766
2025-02-04,7891,Office,East,351.33,22.0,21695
2025-02-05,7738,Electronics,West,467.23,45.0,27796
2025-02-06,3472,Office,North,,7.0,52543
2025-02-07,3739,Office,Central,23.12,17.0,24559
2025-02-08,6401,Electronics,East,302.98,2.0,43139
2025-02-09,2761,Food,West,464.6,12.0,18802
2025-02-10,1876,Home,West,416.98,42.0,83843
2025-02-11,4812,Clothing,West,724.71,18.0,50205
2025-02-12,2460,Office,West,390.96,11.0,44159
2025-02-13,2733,Home,West,494.48,16.0,21516
2025-02-14,2605,Food,Central,435.31,49.0,60492
2025-02-15,6622,Clothing,East,743.22,,39086
2025-02-16,7767,Clothing,West,864.34,35.0,40480
2025-02-17,7986,Office,South,536.57,26.0,62091
2025-02-18,4517,Electronics,South,791.54,16.0,57766
2025-02-19,4735,Food,East,303.82,6.0,48737
2025-02-20,9434,Office,North,545.96,44.0,19265
2025-02-21,3590,Food,North,351.78,43.0,80990
2025-02-22,2063,Electronics,North,420.06,47.0,25386
2025-02-23,5324,Electronics,South,735.09,47.0,47425
2025-02-24,6342,Office,North,882.85,48.0,53254
2025-02-25,1005,Electronics,Central,130.28,42.0,99863
2025-02-26,8489,Home,West,,12.0,63634
2025-02-27,9659,Clothing,South,586.32,13.0,96717
2025-02-28,9195,Office,East,127.23,4.0,57662
2025-03-01,6966,Food,East,219.78,39.0,96988
2025-03-02,9837,Home,West,317.89,2.0,97527
2025-03-03,1117,Office,South,175.26,26.0,85452
2025-03-04,3551,Electronics,North,251.29,27.0,20143
2025-03-05,6560,Electronics,North,274.92,27.0,25581
2025-03-06,5289,Electronics,Central,342.32,15.0,77443
2025-03-07,1846,Electronics,Central,751.9,8.0,39424
2025-03-08,7316,Food,North,576.19,7.0,98844
2025-03-09,7469,Home,,986.38,47.0,51984
2025-03-10,9915,Clothing,East,420.59,46.0,51505
2025-03-11,1224,Food,Central,756.33,40.0,72699
2025-03-12,5208,Food,West,,12.0,36957
2025-03-13,7283,Clothing,,,13.0,35464
2025-03-14,3048,Clothing,Central,417.75,43.0,33649
2025-03-15,7233,Electronics,Central,756.06,17.0,52065
2025-03-16,2828,Food,North,211.63,17.0,44758
2025-03-17,2917,Office,North,334.28,36.0,15596
2025-03-18,5234,Clothing,East,551.22,21.0,26374
2025-03-19,7988,Clothing,West,579.66,8.0,13775
2025-03-20,3026,Home,West,,5.0,37388
2025-03-21,4744,Office,North,945.66,26.0,31029
2025-03-22,1009,Office,South,699.66,16.0,93981
2025-03-23,1260,Clothing,Central,500.75,36.0,63639
2025-03-24,7038,Electronics,Central,933.8,28.0,24645
2025-03-25,3219,Home,North,444.7,29.0,41105
2025-03-26,8041,Office,South,980.63,47.0,23668
2025-03-27,3060,Clothing,East,517.16,12.0,25960
2025-03-28,6287,Office,North,123.14,37.0,21357
2025-03-29,2619,Home,North,767.15,30.0,74604
2025-03-30,9512,Home,Central,682.11,23.0,61796
2025-03-31,2342,Food,North,775.26,16.0,25804
2025-04-01,3832,Clothing,North,951.93,14.0,24626
2025-04-02,3824,Home,North,778.72,10.0,38132
2025-04-03,2994,Food,,615.22,7.0,17951
2025-04-04,4490,Food,East,858.74,45.0,16449
2025-04-05,8984,Office,East,676.51,37.0,29065
2025-04-06,2604,Office,North,414.04,29.0,19130
2025-04-07,1235,Food,Central,886.76,3.0,99360
2025-04-08,2908,Office,East,229.68,15.0,72287
2025-04-09,9567,Home,East,717.49,36.0,61702
2025-04-10,4530,Electronics,East,882.75,47.0,46993
2025-04-11,6256,Home,Central,734.0,46.0,41875
2025-04-12,3635,Food,Central,700.3,19.0,16054
2025-04-13,9162,Food,North,755.11,13.0,58517
2025-04-14,3560,Home,West,470.4,42.0,86368
2025-04-15,6415,Office,East,875.43,21.0,39670
2025-04-16,4391,Office,West,211.4,37.0,59112
2025-04-17,6951,Food,Central,136.11,27.0,98388
2025-04-18,6468,Clothing,Central,,29.0,99156
2025-04-19,9007,Office,Central,536.26,20.0,38307
2025-04-20,7413,Home,West,515.46,25.0,77087
2025-04-21,7941,Office,Central,822.39,6.0,57922
2025-04-22,5820,Home,North,410.52,36.0,73080
2025-04-23,3898,Food,Central,489.5,2.0,89335
2025-04-24,8546,Office,South,23.23,22.0,36312
2025-04-25,1077,Home,West,415.64,32.0,76985
2025-04-26,8577,Food,South,651.3,16.0,67608
2025-04-27,5227,Clothing,Central,25.35,18.0,99962
2025-04-28,1600,Home,North,288.07,,50277
2025-04-29,2065,Clothing,East,215.88,36.0,41551
2025-04-30,3136,Clothing,Central,51.57,30.0,99813
2025-05-01,7943,Electronics,North,484.47,45.0,66597
2025-05-02,8804,Office,West,189.91,19.0,55212
2025-05-03,7565,Home,South,745.65,23.0,19637
2025-05-04,6984,Clothing,South,849.45,34.0,53258
2025-05-05,6142,Electronics,South,550.13,13.0,45693
2025-05-06,5670,Food,West,981.89,43.0,19824
2025-05-07,3190,Home,North,455.97,29.0,36950
2025-05-08,3712,Clothing,West,518.23,36.0,33488
2025-05-09,3192,Office,South,989.33,22.0,10215
2025-05-10,2248,Electronics,Central,239.23,47.0,21523
2025-05-11,5033,Clothing,East,943.12,36.0,85900
2025-05-12,2997,Office,West,52.41,9.0,78689
2025-05-13,4687,Clothing,West,451.92,39.0,33834
2025-05-14,5018,Home,North,79.3,19.0,44474
2025-05-15,2970,Home,North,731.94,38.0,53066
2025-05-16,9389,Home,West,612.32,6.0,20400
2025-05-17,6765,Electronics,,709.57,47.0,20345
2025-05-18,2202,Home,,380.74,15.0,43896
2025-05-19,9135,Office,North,375.79,20.0,95430
2025-05-20,6567,Clothing,South,54.87,9.0,38899
2025-05-21,8667,Food,Central,356.45,32.0,38229
2025-05-22,6742,Office,North,930.0,4.0,15583
2025-05-23,6788,Office,,385.43,18.0,14897
2025-05-24,6408,Home,South,833.05,5.0,81537
2025-05-25,9669,Electronics,East,843.9,20.0,14567
2025-05-26,1922,Clothing,East,379.51,23.0,84807
2025-05-27,1419,Electronics,Central,635.67,11.0,87239
2025-05-28,3204,Clothing,South,104.42,37.0,23329
2025-05-29,2120,Clothing,South,112.64,22.0,81792
2025-05-30,1950,Electronics,East,58.17,4.0,10228
2025-05-31,3336,Office,North,585.2,29.0,92214
2025-06-01,6373,Clothing,North,431.81,44.0,47052
2025-06-02,3243,Electronics,West,552.55,34.0,67769
2025-06-03,3645,Clothing,East,525.86,13.0,56032
2025-06-04,5612,Food,,356.7,42.0,98721
2025-06-05,2865,Office,East,680.7,9.0,43686
2025-06-06,7028,Home,Central,760.92,42.0,86981
2025-06-07,8326,Clothing,South,24.48,31.0,73261
2025-06-08,7371,Food,Central,215.17,7.0,12809
2025-06-09,7359,Home,East,716.1,4.0,51785
2025-06-10,8863,Home,South,392.75,19.0,46547
2025-06-11,4228,Clothing,North,665.86,42.0,52818
2025-06-12,4719,Electronics,North,353.49,30.0,81927
2025-06-13,3371,Clothing,West,396.85,31.0,75681
2025-06-14,3891,Food,,167.09,35.0,89465
2025-06-15,4756,Home,East,265.65,21.0,99862
2025-06-16,5225,Clothing,North,609.36,31.0,47333
2025-06-17,1094,Electronics,Central,438.83,19.0,26576
2025-06-18,3674,Clothing,South,776.56,31.0,49405
2025-06-19,7898,Office,Central,854.06,,83779
2025-06-20,1793,Electronics,Central,,2.0,41601
2025-06-21,3116,Food,North,760.68,10.0,77946
2025-06-22,6779,Home,North,313.84,2.0,77356
2025-06-23,7166,Clothing,North,420.82,2.0,62116
2025-06-24,1814,Electronics,West,715.65,24.0,72894
2025-06-25,1345,Office,Central,392.35,17.0,44635
2025-06-26,9554,Electronics,East,592.62,32.0,17465
2025-06-27,3443,Office,South,193.52,16.0,66754
2025-06-28,8783,Food,West,603.77,16.0,95119
2025-06-29,1984,Home,East,862.9,46.0,48871
2025-06-30,8790,Food,Central,869.95,39.0,72874
2025-07-01,1827,Clothing,North,727.1,31.0,87733
2025-07-02,4531,Electronics,Central,748.3,43.0,39511
2025-07-03,8147,Office,South,562.35,24.0,90960
2025-07-04,5451,Office,West,588.82,1.0,58821
2025-07-05,4876,Electronics,West,142.31,11.0,75776
2025-07-06,6959,Electronics,South,449.42,,80167
2025-07-07,1126,Clothing,East,456.27,4.0,85135
2025-07-08,4177,Food,East,958.91,7.0,54462
2025-07-09,9795,Office,West,436.78,26.0,71382
2025-07-10,7024,Clothing,West,553.85,47.0,42574
2025-07-11,6109,Food,North,537.92,12.0,51910
2025-07-12,5146,Clothing,East,640.39,31.0,83531
2025-07-13,8196,Office,South,750.75,17.0,35186
2025-07-14,4368,Electronics,East,232.79,33.0,32813
2025-07-15,4797,Electronics,North,533.44,11.0,88812
2025-07-16,2792,Food,West,827.66,28.0,95525
2025-07-17,6732,Home,West,468.48,32.0,88282
2025-07-18,4476,Food,North,285.67,1.0,28557
2025-07-19,4417,Home,South,658.16,47.0,38060
2025-07-20,2645,Clothing,West,825.53,28.0,68866
2025-07-21,4030,Clothing,Central,72.51,42.0,82104
2025-07-22,3872,Office,West,779.02,7.0,94577
2025-07-23,4072,Home,Central,823.43,2.0,16080
2025-07-24,2854,Office,North,466.91,42.0,23854
2025-07-25,5021,Electronics,North,983.47,24.0,77695
2025-07-26,5662,Home,West,,4.0,37025
2025-07-27,7514,Food,,775.93,44.0,62982
2025-07-28,6031,Electronics,Central,750.36,19.0,51081
2025-07-29,3708,Electronics,South,159.1,26.0,14368
2025-07-30,8112,Food,West,225.06,11.0,37094
2025-07-31,9393,Electronics,South,469.35,40.0,56040
2025-08-01,4507,Home,West,271.36,43.0,76766
2025-08-02,7456,Office,,421.09,11.0,93053
2025-08-03,5212,Electronics,East,889.58,45.0,33991
2025-08-04,8970,Home,,826.08,3.0,11301
2025-08-05,9766,Clothing,East,,12.0,38610
2025-08-06,1536,Home,North,859.54,3.0,91463
2025-08-07,2625,Office,North,785.93,42.0,44678
2025-08-08,8973,Home,Central,434.7,27.0,34466
2025-08-09,9577,Food,,209.05,49.0,90440
2025-08-10,9070,Office,West,519.06,2.0,50875
2025-08-11,9666,Clothing,West,738.87,49.0,36081
2025-08-12,9609,Food,North,442.06,16.0,34354
2025-08-13,7490,Home,West,670.1,2.0,28300
2025-08-14,4600,Office,North,103.38,30.0,74384
2025-08-15,7783,Clothing,Central,750.52,20.0,70892
2025-08-16,5971,Food,,814.59,38.0,45525
2025-08-17,2205,Clothing,Central,709.77,28.0,36532
2025-08-18,2990,Home,East,967.59,25.0,16464
2025-08-19,6299,Clothing,East,828.39,32.0,26562
2025-08-20,4572,Electronics,East,904.06,10.0,65514
2025-08-21,6975,Food,,934.24,42.0,84219
2025-08-22,7320,Clothing,West,803.33,40.0,42634
2025-08-23,5380,Home,South,677.52,33.0,10060
2025-08-24,5757,Home,East,15.66,13.0,19269
2025-08-25,3713,Clothing,East,471.17,41.0,73143
2025-08-26,6588,Home,East,575.45,42.0,33065
2025-08-27,1966,Office,South,310.99,47.0,12895
2025-08-28,5944,Office,East,324.92,37.0,90859
2025-08-29,4432,Office,South,961.55,16.0,22352
2025-08-30,1688,Electronics,,892.79,45.0,59737
2025-08-31,5243,Clothing,Central,850.69,22.0,42016
2025-09-01,4701,Electronics,Central,411.95,20.0,71304
2025-09-02,9533,Home,South,23.56,,21962
2025-09-03,6182,Electronics,Central,89.42,27.0,43302
2025-09-04,7704,Home,South,319.07,41.0,95382
2025-09-05,5422,Home,Central,25.59,16.0,14011
2025-09-06,2759,Food,Central,26.98,34.0,29782
2025-09-07,3482,Office,South,917.44,32.0,77691
2025-09-08,9058,Home,West,709.1,26.0,49725
2025-09-09,1951,Food,Central,315.87,25.0,19196
2025-09-10,9914,Office,East,141.32,2.0,53459
2025-09-11,3079,Home,West,516.52,12.0,97245
2025-09-12,3717,Home,South,15.29,40.0,88863
2025-09-13,5524,Electronics,West,939.03,9.0,42769
2025-09-14,9477,Electronics,North,420.67,12.0,34700
2025-09-15,8311,Office,North,408.31,26.0,90356
2025-09-16,8186,Home,Central,396.69,9.0,86427
2025-09-17,3065,Clothing,Central,78.64,10.0,15269
2025-09-18,1768,Electronics,East,641.94,32.0,53880
2025-09-19,6490,Office,West,735.67,34.0,18320
2025-09-20,7645,Home,North,679.36,48.0,59589
2025-09-21,6083,Home,Central,147.05,20.0,86276
2025-09-22,6232,Clothing,West,583.05,39.0,45897
2025-09-23,6797,Office,Central,573.79,2.0,68565
2025-09-24,5926,Home,Central,869.73,1.0,40930
2025-09-25,7016,Electronics,North,385.34,36.0,67233
2025-09-26,4335,Clothing,North,377.77,24.0,92821
